"Aankondiger","Aankondiger"
"Acceptant","Acceptant"
"Accountant","Accountant"
"Accountmanager","Accountmanager"
"Acrobaat","Acrobaat"
"Acrobate","Acrobate"
"Acteur","Acteur"
"Actrice","Actrice"
"Activiteitenbegeleider","Activiteitenbegeleider"
"Actuaris","Actuaris"
"Acupuncturist","Acupuncturist"
"Adjudant","Adjudant"
"Administrateur","Administrateur"
"Advertentiezetter","Advertentiezetter"
"Adviseur","Adviseur"
"Adviseuse","Adviseuse"
"Advocaat","Advocaat"
"Advocate","Advocate"
"Agent","Agent"
"Agente","Agente"
"Agoog","Agoog"
"Agoge","Agoge"
"Agrariër","Agrariër"
"Akoepedist","Akoepedist"
"Akoesticus","Akoesticus"
"Alchemist","Alchemist"
"Allergoloog","Allergoloog"
"Altist","Altist"
"Amanuensis","Amanuensis"
"Ambtenaar","Ambtenaar"
"Ambulancebegeleider","Ambulancebegeleider"
"Ambulancechauffeur","Ambulancechauffeur"
"Ambulanceverpleegkundige","Ambulanceverpleegkundige"
"Analist","Analist"
"Anatoom","Anatoom"
"Andragoog","Andragoog"
"Androloog","Androloog"
"Anesthesist","Anesthesist"
"Anesthesiemedewerker","Anesthesiemedewerker"
"Animeermeisje","Animeermeisje"
"Antiquaar","Antiquaar"
"Antiquair","Antiquair"
"Apotheker","Apotheker"
"Apothekersassistent","Apothekersassistent"
"Applicatieontwikkelaar","Applicatieontwikkelaar"
"Arbeidsanalist","Arbeidsanalist"
"Arbeidsbemiddelaar","Arbeidsbemiddelaar"
"Arbeidsdeskundige","Arbeidsdeskundige"
"Arbeidsfysioloog","Arbeidsfysioloog"
"Arbeidsgeneesheer","Arbeidsgeneesheer"
"Arbeidshygiënist","Arbeidshygiënist"
"Archeoloog","Archeoloog"
"Architect","Architect"
"Archivaris","Archivaris"
"Archivist","Archivist"
"Arrangeur","Arrangeur"
"Artdirector","Artdirector"
"Artiest","Artiest"
"Arts","Arts"
"Assuradeur","Assuradeur"
"Astrofysicus","Astrofysicus"
"Astroloog","Astroloog"
"Astronaut","Astronaut"
"Astronoom","Astronoom"
"Audioloog","Audioloog"
"Audiometrist","Audiometrist"
"Audiotherapeut","Audiotherapeut"
"Auditor","Auditor"
"Autohandelaar","Autohandelaar"
"Automonteur","Automonteur"
"Autoplaatwerker","Autoplaatwerker"
"Autospuiter","Autospuiter"
"Bacterioloog","Bacterioloog"
"Badmeester","Badmeester"
"Baggermachinist","Baggermachinist"
"Baggermolenarbeider","Baggermolenarbeider"
"Baker","Baker"
"Bakker","Bakker"
"Baliemedewerker","Baliemedewerker"
"Balletdanser","Balletdanser"
"Ballroomdanser","Ballroomdanser"
"Bandagist","Bandagist"
"Bandenmonteur","Bandenmonteur"
"Bankbediende","Bankbediende"
"Bankdirecteur","Bankdirecteur"
"Banketbakker","Banketbakker"
"Bankmakelaar","Bankmakelaar"
"Bankwerker","Bankwerker"
"Barbediende","Barbediende"
"Barhouder","Barhouder"
"Barman","Barman"
"Basketballer","Basketballer"
"Bassist","Bassist"
"Beademingsassistent","Beademingsassistent"
"Bedienaar","Bedienaar"
"Bediener","Bediener"
"Bedrijfsbrandweer","Bedrijfsbrandweer"
"Bedrijfseconoom","Bedrijfseconoom"
"Bedrijfshoofd","Bedrijfshoofd"
"Bedrijfsjurist","Bedrijfsjurist"
"Bedrijfskassier","Bedrijfskassier"
"Bedrijfskundige","Bedrijfskundige"
"Bedrijfsleermeester","Bedrijfsleermeester"
"Bedrijfsleider","Bedrijfsleider"
"Bedrijfsorganisatiedeskundige","Bedrijfsorganisatiedeskundige"
"Bedrijfspolitieagent","Bedrijfspolitieagent"
"Bedrijfsrecherche","Bedrijfsrecherche"
"Bedrijfsverpleegkundige","Bedrijfsverpleegkundige"
"Beeldapparatuurbediener","Beeldapparatuurbediener"
"Beeldhouwer","Beeldhouwer"
"Beenhouwer","Beenhouwer"
"Begeleider","Begeleider"
"Begrafenispersoneel","Begrafenispersoneel"
"Begrotingscalculator","Begrotingscalculator"
"Behanger","Behanger"
"Beheerder","Beheerder"
"Beiaardier","Beiaardier"
"Bejaardenverzorgende","Bejaardenverzorgende"
"Belastingambtenaar","Belastingambtenaar"
"Belastingconsulent","Belastingconsulent"
"Beleidsambtenaar","Beleidsambtenaar"
"Beleidsmedewerker","Beleidsmedewerker"
"Belichter","Belichter"
"Bergingsduiker","Bergingsduiker"
"Beroepskeuzeadviseur","Beroepskeuzeadviseur"
"Beroepsmilitair","Beroepsmilitair"
"Beroepssporter","Beroepssporter"
"Bestekschrijver","Bestekschrijver"
"Besteksorteerder","Besteksorteerder"
"Bestekzoeker","Bestekzoeker"
"Bestuurder","Bestuurder"
"Bestuurskundige","Bestuurskundige"
"Betonmolenbaas","Betonmolenbaas"
"Betontimmerman","Betontimmerman"
"Betonstaalvlechter","Betonstaalvlechter"
"Betonwerker","Betonwerker"
"Beul","Beul"
"Beveiligingsapparatuur","Beveiligingsapparatuur"
"Beveiligingsbeambte","Beveiligingsbeambte"
"Bewaarder","Bewaarder"
"Bewaker","Bewaker"
"Bewegingstherapeut","Bewegingstherapeut"
"Bezorger","Bezorger"
"Bibliothecaris","Bibliothecaris"
"Bibliotheekassistent","Bibliotheekassistent"
"Bierbrouwer","Bierbrouwer"
"Bijenkorfvlechter","Bijenkorfvlechter"
"Bijenkweker","Bijenkweker"
"Bijkantoorhouder","Bijkantoorhouder"
"Binderijpersoneel","Binderijpersoneel"
"Binnenhuisarchitect","Binnenhuisarchitect"
"Biochemicus","Biochemicus"
"Biograaf","Biograaf"
"Bioloog","Bioloog"
"Bioscoopoperateur","Bioscoopoperateur"
"Bitumineerder","Bitumineerder"
"Bloemist","Bloemist"
"Bloemkweker","Bloemkweker"
"Bloemschikker","Bloemschikker"
"Bloemsierkunstenaar","Bloemsierkunstenaar"
"Bode","Bode"
"Boekbinder","Boekbinder"
"Boekhouder","Boekhouder"
"Boekillustrator","Boekillustrator"
"Boer","Boer"
"Bontkleermaker","Bontkleermaker"
"Bontsnijder","Bontsnijder"
"Bookmaker","Bookmaker"
"Boomchirurg","Boomchirurg"
"Boomkweker","Boomkweker"
"Boomverzorger","Boomverzorger"
"Boordwerktuigkundige","Boordwerktuigkundige"
"Boormachinist","Boormachinist"
"Boorpersoneel","Boorpersoneel"
"Bootsman","Bootsman"
"Bosbaas","Bosbaas"
"Bosbouwkundige","Bosbouwkundige"
"Boswachter","Boswachter"
"Botenbouwer","Botenbouwer"
"Bouwcalculator","Bouwcalculator"
"Bouwhistoricus","Bouwhistoricus"
"Bouwkundig tekenaar","Bouwkundig tekenaar"
"Bouwliftbediener","Bouwliftbediener"
"Bouwpromotor","Bouwpromotor"
"Bouwopzichter","Bouwopzichter"
"Bouwvakker","Bouwvakker"
"Bouwvakarbeider","Bouwvakarbeider"
"Bouwvaktimmerman","Bouwvaktimmerman"
"Brandmeester","Brandmeester"
"Brandveiligheidsdeskundige","Brandveiligheidsdeskundige"
"Brandwacht","Brandwacht"
"Brandweerman (brandweervrouw)","Brandweerman (brandweervrouw)"
"Brandweercommandant","Brandweercommandant"
"Brandweeronderofficier","Brandweeronderofficier"
"Breimachinesteller","Breimachinesteller"
"Bromfietshersteller","Bromfietshersteller"
"Bronboorder","Bronboorder"
"Buffetbediende","Buffetbediende"
"Buikspreker","Buikspreker"
"Buitenbandenvulkaniseur","Buitenbandenvulkaniseur"
"Buitendienstmedewerker","Buitendienstmedewerker"
"Burgemeester","Burgemeester"
"Buschauffeur","Buschauffeur"
"Budgetcoach","Budgetcoach"
"Butler","Butler"
"Cabaretier","Cabaretier"
"Caféhouder","Caféhouder"
"Cafetariamedewerker","Cafetariamedewerker"
"Caissière","Caissière"
"Calculator","Calculator"
"Callgirl","Callgirl"
"Cameraman","Cameraman"
"Cameravrouw","Cameravrouw"
"Cardioloog","Cardioloog"
"Cargadoor","Cargadoor"
"Carrosseriebouwer","Carrosseriebouwer"
"Cartograaf","Cartograaf"
"Cellist","Cellist"
"Chauffeur","Chauffeur"
"Chef","Chef"
"Chemicus","Chemicus"
"Chiropodist","Chiropodist"
"Chirurg","Chirurg"
"Chocolademaker","Chocolademaker"
"Chocolatier","Chocolatier"
"Choreograaf","Choreograaf"
"Cilindermaker","Cilindermaker"
"Cineast","Cineast"
"Cipier","Cipier"
"Circusartiest","Circusartiest"
"Circusdirecteur","Circusdirecteur"
"Civiel ingenieur","Civiel ingenieur"
"Classicus","Classicus"
"Clown","Clown"
"Coach","Coach"
"Codeur","Codeur"
"Collationist","Collationist"
"Colporteur","Colporteur"
"Columnist","Columnist"
"Combinatiefunctionaris","Combinatiefunctionaris"
"Commentator","Commentator"
"Commissaris","Commissaris"
"Commissionair","Commissionair"
"Completeerder","Completeerder"
"Compliance officer","Compliance officer"
"Componist","Componist"
"Computeroperator","Computeroperator"
"Computerprogrammeur","Computerprogrammeur"
"Conciërge","Conciërge"
"Conducteur","Conducteur"
"Conservator","Conservator"
"Constructeur","Constructeur"
"Constructiebankwerker","Constructiebankwerker"
"Constructiesamenbouwer","Constructiesamenbouwer"
"Constructieschilder","Constructieschilder"
"Consulent","Consulent"
"Contactlensspecialist","Contactlensspecialist"
"Controleur","Controleur"
"Controller","Controller"
"Coördinator","Coördinator"
"Copywriter","Copywriter"
"Counselor","Counselor"
"Corrector","Corrector"
"Correpetitor","Correpetitor"
"Correspondent","Correspondent"
"Creatief therapeut","Creatief therapeut"
"Crècheleidster","Crècheleidster"
"Criminoloog","Criminoloog"
"Criticus","Criticus"
"Croupeur","Croupeur"
"Croupier","Croupier"
"Cultuurtechnicus","Cultuurtechnicus"
"Curator","Curator"
"Cursuscoördinator","Cursuscoördinator"
"Cursusleider","Cursusleider"
"Dakdekker","Dakdekker"
"Dakpannenvormer","Dakpannenvormer"
"Danser","Danser"
"Dansleraar","Dansleraar"
"Database administrator","Database administrator"
"Debitant","Debitant"
"Decaan","Decaan"
"Declarant","Declarant"
"Decoratieschilder","Decoratieschilder"
"Decorschilder","Decorschilder"
"Degelpersdrukker","Degelpersdrukker"
"Dekkledenmaker","Dekkledenmaker"
"Dekpersoneel","Dekpersoneel"
"Delfstoffenbewerker","Delfstoffenbewerker"
"Demonstrateur","Demonstrateur"
"Dermatoloog","Dermatoloog"
"Deskundige","Deskundige"
"Detailhandelaar","Detailhandelaar"
"Detective","Detective"
"Deurenzetter","Deurenzetter"
"Deurwaarder","Deurwaarder"
"Dichter","Dichter"
"Dieetkok","Dieetkok"
"Dienstbode","Dienstbode"
"Dienstleider","Dienstleider"
"Diepdrukgraveur","Diepdrukgraveur"
"Dierenarts","Dierenarts"
"Dierenartsassistent","Dierenartsassistent"
"Dierenasielhouder","Dierenasielhouder"
"Dierentrainer","Dierentrainer"
"Dierenverzorger","Dierenverzorger"
"Diëtist","Diëtist"
"Diplomaat","Diplomaat"
"Directeur","Directeur"
"Directieassistent","Directieassistent"
"Directiesecretaresse","Directiesecretaresse"
"Dirigent","Dirigent"
"Diskjockey","Diskjockey"
"Districtschef","Districtschef"
"Districtsverpleegkundige","Districtsverpleegkundige"
"Docent","Docent"
"Documentalist","Documentalist"
"Documentencontroleur","Documentencontroleur"
"Dokmeester","Dokmeester"
"Doktersassistent","Doktersassistent"
"Dominee","Dominee"
"Doodgraver","Doodgraver"
"Douaneambtenaar","Douaneambtenaar"
"Dozenmaker","Dozenmaker"
"Draaier","Draaier"
"Dragartiest","Dragartiest"
"Dramadocent","Dramadocent"
"Dramatherapeut","Dramatherapeut"
"Drogist","Drogist"
"Drukker","Drukker"
"Drukkerijbinder","Drukkerijbinder"
"Drukwerkvoorbereiders","Drukwerkvoorbereiders"
"Drummer","Drummer"
"Duiker","Duiker"
"Econoom","Econoom"
"Ecotechnisch manager","Ecotechnisch manager"
"Edelmetaalbewerker","Edelmetaalbewerker"
"Edelsmid","Edelsmid"
"Editor","Editor"
"EDP-auditor","EDP-auditor"
"Egyptoloog","Egyptoloog"
"Eindredacteur","Eindredacteur"
"Elektricien","Elektricien"
"Elektromonteur","Elektromonteur"
"Elektronicamonteur","Elektronicamonteur"
"Elektronicus","Elektronicus"
"Elektrotechnicus","Elektrotechnicus"
"Encyclopedist","Encyclopedist"
"Enquêteur","Enquêteur"
"Entertainment-worstelaar","Entertainment-worstelaar"
"Ergonoom","Ergonoom"
"Ergotherapeut","Ergotherapeut"
"Ertskundige","Ertskundige"
"Essayeur","Essayeur"
"Essayist","Essayist"
"Etaleur","Etaleur"
"Etnograaf","Etnograaf"
"Etnoloog","Etnoloog"
"Etymoloog","Etymoloog"
"Evangelist","Evangelist"
"Examinator","Examinator"
"Expediteur","Expediteur"
"Explantatiemedewerker","Explantatiemedewerker"
"Fabrikant","Fabrikant"
"Facilitair Manager","Facilitair Manager"
"Facturist","Facturist"
"Farmacoloog","Farmacoloog"
"Fietsenmaker","Fietsenmaker"
"Fijnbankwerker","Fijnbankwerker"
"Filiaalhouder","Filiaalhouder"
"Filmer","Filmer"
"Filmregisseur","Filmregisseur"
"Filosoof","Filosoof"
"Filterreiniger","Filterreiniger"
"Financieel analist","Financieel analist"
"Fluitenbouwer","Fluitenbouwer"
"Fotograaf","Fotograaf"
"Fotograveur (textieldruk)","Fotograveur (textieldruk)"
"Fotolaborant","Fotolaborant"
"Fotolaboratoriumbediende","Fotolaboratoriumbediende"
"Fotolithograaf","Fotolithograaf"
"Fotoredacteur","Fotoredacteur"
"Framebouwer","Framebouwer"
"Frezer","Frezer"
"Fruitteler","Fruitteler"
"Fysicus","Fysicus"
"Fysioloog","Fysioloog"
"Fysiotherapeut","Fysiotherapeut"
"Galvaniseur","Galvaniseur"
"Game Designer","Game Designer"
"Garagehouder","Garagehouder"
"Garderobejuffrouw","Garderobejuffrouw"
"Garnalenpeller","Garnalenpeller"
"Gasleidinglegger","Gasleidinglegger"
"Gastro-enteroloog","Gastro-enteroloog"
"Gastvrouw","Gastvrouw"
"Gecommitteerde","Gecommitteerde"
"Gedeputeerde","Gedeputeerde"
"Gemeentesecretaris","Gemeentesecretaris"
"Geneeskundige","Geneeskundige"
"Generaal","Generaal"
"Geodeet","Geodeet"
"Geograaf","Geograaf"
"Geoloog","Geoloog"
"Gerant","Gerant"
"Gerechtsdeurwaarder","Gerechtsdeurwaarder"
"Gereedschapsmaker","Gereedschapsmaker"
"Gereedschapssmid","Gereedschapssmid"
"Geschiedkundige","Geschiedkundige"
"Gevangenbewaarder","Gevangenbewaarder"
"Gezaghebber","Gezaghebber"
"Gezagvoerder","Gezagvoerder"
"*Gezondheidsbegeleider","*Gezondheidsbegeleider"
"Gezondheidsfysicus","Gezondheidsfysicus"
"Gezondheidstechnicus","Gezondheidstechnicus"
"Gidsenschrijver","Gidsenschrijver"
"Gieterijtechnicus","Gieterijtechnicus"
"Gietmachinebediener","Gietmachinebediener"
"Gigolo","Gigolo"
"Gipsverbandmeester","Gipsverbandmeester"
"Gitarist","Gitarist"
"Glasblazer","Glasblazer"
"Glasgraveur","Glasgraveur"
"Glasslijper","Glasslijper"
"Glaszetter","Glaszetter"
"Glazenhaler","Glazenhaler"
"Glazenmaker","Glazenmaker"
"Glazenwasser","Glazenwasser"
"Goochelaar","Goochelaar"
"Goudsmid","Goudsmid"
"Goudzoeker","Goudzoeker"
"Grafdelver","Grafdelver"
"Graficus","Graficus"
"Grafisch ontwerper","Grafisch ontwerper"
"Grafoloog","Grafoloog"
"Graveur","Graveur"
"Griendwerker","Griendwerker"
"Griffier","Griffier"
"Grimeur","Grimeur"
"Groenteteler","Groenteteler"
"Groepsleider","Groepsleider"
"Groepsvervoer","Groepsvervoer"
"Grondsteward","Grondsteward"
"Grondstewardess","Grondstewardess"
"Grondwerker","Grondwerker"
"Groothandelaar","Groothandelaar"
"Gymleraar","Gymleraar"
"Gynaecoloog","Gynaecoloog"
"Handelaar","Handelaar"
"Handelscorrespondent","Handelscorrespondent"
"Handwever","Handwever"
"Havenarbeider","Havenarbeider"
"Havenmeester","Havenmeester"
"Heemraad","Heemraad"
"Heftruckchauffeur","Heftruckchauffeur"
"Heibaas","Heibaas"
"Heier","Heier"
"Heilpedagoog","Heilpedagoog"
"Heilsoldaat","Heilsoldaat"
"Helpdeskmedewerker","Helpdeskmedewerker"
"Herbergier","Herbergier"
"Hijsmachinist","Hijsmachinist"
"Historicus","Historicus"
"Hoefsmid","Hoefsmid"
"Hoekman","Hoekman"
"Hofmeester","Hofmeester"
"Homeopaat","Homeopaat"
"Hondenfokker","Hondenfokker"
"Hondentoiletteerder","Hondentoiletteerder"
"Hondentrimmer","Hondentrimmer"
"Hoofd","Hoofd"
"Hoofdambtenaar","Hoofdambtenaar"
"Hoofdcontroleur","Hoofdcontroleur"
"Hoofdredacteur","Hoofdredacteur"
"Hoofduitvoerder","Hoofduitvoerder"
"Hoofdverpleegkundige","Hoofdverpleegkundige"
"Hoofdwerktuigkundige","Hoofdwerktuigkundige"
"Hoogleraar","Hoogleraar"
"Hoornist","Hoornist"
"Hoorspelregisseur","Hoorspelregisseur"
"Horlogemaker","Horlogemaker"
"Hostess","Hostess"
"Hotelier","Hotelier"
"Hotelmanager","Hotelmanager"
"Hotelportier","Hotelportier"
"Houtbewerker","Houtbewerker"
"Houtmodelmaker","Houtmodelmaker"
"Houtsnijder","Houtsnijder"
"Houtvester","Houtvester"
"Houtwarensamensteller","Houtwarensamensteller"
"Hovenier","Hovenier"
"Huidtherapeut","Huidtherapeut"
"Huisarts","Huisarts"
"Huisbaas","Huisbaas"
"Huisbewaarder","Huisbewaarder"
"Huishoudhulp","Huishoudhulp"
"Huishoudster","Huishoudster"
"Huisschilder","Huisschilder"
"Hulparbeider","Hulparbeider"
"Hulpautomonteur","Hulpautomonteur"
"Hulpkok","Hulpkok"
"Hulpverkoper","Hulpverkoper"
"Huurmoordenaar","Huurmoordenaar"
"Hydroloog","Hydroloog"
"IJscoman","IJscoman"
"IJzervlechter","IJzervlechter"
"Illusionist","Illusionist"
"Illustrator","Illustrator"
"Imam","Imam"
"Imker","Imker"
"Importeur","Importeur"
"Impresario","Impresario"
"Industrieel ontwerper","Industrieel ontwerper"
"Ingenieur","Ingenieur"
"Inkoper","Inkoper"
"Inrijger","Inrijger"
"Inseminator","Inseminator"
"Inspecteur","Inspecteur"
"Installateur","Installateur"
"Instructeur","Instructeur"
"Instrumentalist","Instrumentalist"
"Instrumentmaker","Instrumentmaker"
"Interieurarchitect","Interieurarchitect"
"Interieurverzorger","Interieurverzorger"
"Interne accountant","Interne accountant"
"Internist","Internist"
"Jachtopzichter","Jachtopzichter"
"Jager","Jager"
"Jongleur","Jongleur"
"Journalist","Journalist"
"Justitieel Aanklager","Justitieel Aanklager"
"Juwelier","Juwelier"
"Judoleraar","Judoleraar"
"Kaasmaker","Kaasmaker"
"Kabelsplitser","Kabelsplitser"
"Kabelwerker","Kabelwerker"
"Kanaalmeester","Kanaalmeester"
"Kantonnier","Kantonnier"
"Kantoorhulp","Kantoorhulp"
"Kapitein","Kapitein"
"Kapper","Kapper"
"Kappershulp","Kappershulp"
"Kardinaal","Kardinaal"
"Karteerder","Karteerder"
"Kartonnagewerker","Kartonnagewerker"
"Kassamedewerker","Kassamedewerker"
"Kassier","Kassier"
"Kelner","Kelner"
"Keizer","Keizer"
"Keramist","Keramist"
"Kermisexploitant","Kermisexploitant"
"Kernmaker","Kernmaker"
"Kerstman","Kerstman"
"Ketelmetselaar","Ketelmetselaar"
"Keukenassistent","Keukenassistent"
"Keukenknecht","Keukenknecht"
"Keurder","Keurder"
"Keuringsambtenaar","Keuringsambtenaar"
"Keurmeester","Keurmeester"
"Kinderverzorger","Kinderverzorger"
"Kinderboekenschrijver","Kinderboekenschrijver"
"Kleerbleker","Kleerbleker"
"Kleermaker","Kleermaker"
"Kleidelver","Kleidelver"
"Kleinhandelaar","Kleinhandelaar"
"Klerk","Klerk"
"Kleuterleidster","Kleuterleidster"
"Kleuterleider","Kleuterleider"
"Klokkenmaker","Klokkenmaker"
"Klompenmaker","Klompenmaker"
"Kloosterling","Kloosterling"
"Kno-arts","Kno-arts"
"Koerier","Koerier"
"Koetsier","Koetsier"
"Kok","Kok"
"Komiek","Komiek"
"Kompel","Kompel"
"Kooiker","Kooiker"
"Kooiman","Kooiman"
"Koordirigent","Koordirigent"
"Koperslager","Koperslager"
"Kostendeskundige","Kostendeskundige"
"Koster","Koster"
"Kostprijscalculator","Kostprijscalculator"
"Kozijnenmaker","Kozijnenmaker"
"Kraamverzorgende","Kraamverzorgende"
"Kraamhulp","Kraamhulp"
"Kraanmachinist","Kraanmachinist"
"Kredietanalist","Kredietanalist"
"Kredietbeoordelaar","Kredietbeoordelaar"
"Kruidendokter","Kruidendokter"
"Kruier","Kruier"
"Kuiper","Kuiper"
"Kunstcriticus","Kunstcriticus"
"Kunstenaar","Kunstenaar"
"Kunstschilder","Kunstschilder"
"Kustlichtwachter","Kustlichtwachter"
"Kwitantieloper","Kwitantieloper"
"Laadschopbestuurder","Laadschopbestuurder"
"Laborant","Laborant"
"Laboratoriumbediende","Laboratoriumbediende"
"Lader","Lader"
"Ladingmeester","Ladingmeester"
"Lakei","Lakei"
"Landarbeider","Landarbeider"
"Landbouwer","Landbouwer"
"Landbouwkundige","Landbouwkundige"
"Landbouwmachinebestuurder","Landbouwmachinebestuurder"
"Landbouwmilieubeheer","Landbouwmilieubeheer"
"Landbouwwerktuigenhersteller","Landbouwwerktuigenhersteller"
"Landmeetkundige","Landmeetkundige"
"Landmeettechnicus","Landmeettechnicus"
"Landmeter","Landmeter"
"Landschapsarchitect","Landschapsarchitect"
"Landschapsbeheer","Landschapsbeheer"
"Lasinspecteur","Lasinspecteur"
"Lasser","Lasser"
"Lastechnicus","Lastechnicus"
"Lector","Lector"
"Ledertechnoloog","Ledertechnoloog"
"Lederwarenmaker","Lederwarenmaker"
"Leerbewerker","Leerbewerker"
"Leerkracht","Leerkracht"
"Leeuwentemmer","Leeuwentemmer"
"Legionair","Legionair"
"Leidekker","Leidekker"
"Leidinggevende","Leidinggevende"
"Leraar","Leraar"
"Letterkundige","Letterkundige"
"Leurder","Leurder"
"Lichtdrukker","Lichtdrukker"
"Lichtmatroos","Lichtmatroos"
"Lijstenmaker","Lijstenmaker"
"Linktrainer","Linktrainer"
"Literator","Literator"
"Literatuurcriticus","Literatuurcriticus"
"Literatuuronderzoeker","Literatuuronderzoeker"
"Logopedist","Logopedist"
"Logotherapeut","Logotherapeut"
"Lokettist","Lokettist"
"Longarts","Longarts"
"Longfunctieassistent","Longfunctieassistent"
"Loodgieter","Loodgieter"
"Loods","Loods"
"Loodschef","Loodschef"
"Loonadministrateur","Loonadministrateur"
"Loopbaancoach","Loopbaancoach"
"Losser","Losser"
"Luchtverkeersleider","Luchtverkeersleider"
"Maatnemer","Maatnemer"
"Maatschappelijk medewerker","Maatschappelijk medewerker"
"Maatschappelijk werker","Maatschappelijk werker"
"Maatschoenmaker","Maatschoenmaker"
"Machine vouwer","Machine vouwer"
"Machinebankwerker","Machinebankwerker"
"Machinebediende","Machinebediende"
"Machinesteller","Machinesteller"
"Manegehouder","Manegehouder"
"Machinist","Machinist"
"Magazijnbediende","Magazijnbediende"
"Magazijnbeheerder","Magazijnbeheerder"
"Magazijnknecht","Magazijnknecht"
"Magnetiseur","Magnetiseur"
"Makelaar","Makelaar"
"Managementassistent","Managementassistent"
"Manager","Manager"
"Mandenmaker","Mandenmaker"
"Mannequin","Mannequin"
"Manueel therapeut","Manueel therapeut"
"Marconist","Marconist"
"Marinier","Marinier"
"Maritiem Officier","Maritiem Officier"
"Marechaussee","Marechaussee"
"Marketingadviseur","Marketingadviseur"
"Marketingassistent","Marketingassistent"
"Marktkoopman","Marktkoopman"
"Marktzanger","Marktzanger"
"Masseur","Masseur"
"Mathematicus","Mathematicus"
"Matroos","Matroos"
"Mattenmaker","Mattenmaker"
"Medewerker","Medewerker"
"Mediatrainer","Mediatrainer"
"Meester restauratiestukadoor","Meester restauratiestukadoor"
"Meettechnicus","Meettechnicus"
"Melkboer","Melkboer"
"Metaalbewerker","Metaalbewerker"
"Metaalbrander","Metaalbrander"
"Metaalbuiger","Metaalbuiger"
"Metaalfrezer","Metaalfrezer"
"Metaalgieter","Metaalgieter"
"Metaalkundige","Metaalkundige"
"Meteoroloog","Meteoroloog"
"Meteropnemer","Meteropnemer"
"Metselaar","Metselaar"
"Meubelbeeldhouwer","Meubelbeeldhouwer"
"Meubelmaker","Meubelmaker"
"Meubelstoffeerder","Meubelstoffeerder"
"Meubelstoffennaaister","Meubelstoffennaaister"
"Meubeltekenaar","Meubeltekenaar"
"Mijnbouwkundige","Mijnbouwkundige"
"Middenstander","Middenstander"
"Mijnwerker","Mijnwerker"
"Milieudeskundige","Milieudeskundige"
"Milieuhygiënist","Milieuhygiënist"
"Militair","Militair"
"Mimespeler","Mimespeler"
"Min","Min"
"Mineralenbewerker","Mineralenbewerker"
"Minister","Minister"
"Minister-president","Minister-president"
"Model","Model"
"Modelmaker","Modelmaker"
"Modelnaaister","Modelnaaister"
"Molenaar","Molenaar"
"Modeontwerper","Modeontwerper"
"Mondhygiënist","Mondhygiënist"
"Monnik","Monnik"
"Monteur","Monteur"
"Mosselman","Mosselman"
"Motordemonteur","Motordemonteur"
"Motordrijver","Motordrijver"
"Motormonteur","Motormonteur"
"Mouldroomtechnicus","Mouldroomtechnicus"
"Munter","Munter"
"Muntmeester","Muntmeester"
"Museumconservator","Museumconservator"
"Museumgids","Museumgids"
"Museumhouder","Museumhouder"
"Museummedewerker","Museummedewerker"
"Musicus","Musicus"
"Muziekinstrumentenmaker","Muziekinstrumentenmaker"
"Muziekprogrammeur","Muziekprogrammeur"
"Naaister","Naaister"
"Nachtwaker","Nachtwaker"
"Nagelstyliste","Nagelstyliste"
"Nasynchronisatieregisseur","Nasynchronisatieregisseur"
"Natuurkundeleraar","Natuurkundeleraar"
"Natuurkundige","Natuurkundige"
"Natuurwetenschapper","Natuurwetenschapper"
"Navigator","Navigator"
"Nefroloog","Nefroloog"
"Neonatoloog","Neonatoloog"
"Nettenboeter","Nettenboeter"
"Netwerkbeheerder","Netwerkbeheerder"
"Neurochirurg","Neurochirurg"
"Neuroloog","Neuroloog"
"Neurofysioloog","Neurofysioloog"
"Nieuwslezer","Nieuwslezer"
"Nijverheidsconsulent","Nijverheidsconsulent"
"Nko-arts","Nko-arts"
"Nopster","Nopster"
"Notaris","Notaris"
"Nucleair geneeskundige","Nucleair geneeskundige"
"Ober","Ober"
"Oberkelner","Oberkelner"
"Objectleider","Objectleider"
"Oceanoloog","Oceanoloog"
"Octrooigemachtigde","Octrooigemachtigde"
"Officier","Officier"
"Officier van justitie","Officier van justitie"
"Olieslager","Olieslager"
"Omroeper","Omroeper"
"Omsteller","Omsteller"
"Oncoloog","Oncoloog"
"Onderhoudsloodgieter","Onderhoudsloodgieter"
"Onderhoudsman","Onderhoudsman"
"Onderhoudsmedewerker","Onderhoudsmedewerker"
"Onderhoudsmonteur","Onderhoudsmonteur"
"Ondernemer","Ondernemer"
"Onderofficier","Onderofficier"
"Ondersteunende","Ondersteunende"
"Onderwaterwerker","Onderwaterwerker"
"Onderwijsassistent","Onderwijsassistent"
"Onderwijstechnicus","Onderwijstechnicus"
"Onderwijzer","Onderwijzer"
"Onderzoeker","Onderzoeker"
"Onderzoeker in opleiding","Onderzoeker in opleiding"
"Ondist","Ondist"
"Ontdekkingsreiziger","Ontdekkingsreiziger"
"Ontmijner","Ontmijner"
"Ontvlekker","Ontvlekker"
"Ontwerper","Ontwerper"
"Oogarts","Oogarts"
"Operateur","Operateur"
"Operatieassistent","Operatieassistent"
"Operational auditor","Operational auditor"
"Operator","Operator"
"Opkoper","Opkoper"
"Opperman","Opperman"
"Opsporingsambtenaar","Opsporingsambtenaar"
"Opsporingsingenieur","Opsporingsingenieur"
"Opticien","Opticien"
"Optometrist","Optometrist"
"Opvoedingsconsulent","Opvoedingsconsulent"
"Opvoedingsvoorlichter","Opvoedingsvoorlichter"
"Opzichter","Opzichter"
"Organist","Organist"
"Organizer","Organizer"
"Ornitholoog","Ornitholoog"
"Orthodontist","Orthodontist"
"Orthopedagoog","Orthopedagoog"
"Orthopeed","Orthopeed"
"Orthoptist","Orthoptist"
"ORL-arts","ORL-arts"
"Osteopaat","Osteopaat"
"Ouvreuse","Ouvreuse"
"Ovenman","Ovenman"
"Paardenfokker","Paardenfokker"
"Pakhuischef","Pakhuischef"
"Paleontoloog","Paleontoloog"
"Palfrenier","Palfrenier"
"Pandjesbaas","Pandjesbaas"
"Papierschepper","Papierschepper"
"Papiervernisser","Papiervernisser"
"Parkeerwachter","Parkeerwachter"
"Parketvloerenlegger","Parketvloerenlegger"
"Parketwacht","Parketwacht"
"Pastoor","Pastoor"
"Paswerker","Paswerker"
"Patholoog","Patholoog"
"Patholoog-anatoom","Patholoog-anatoom"
"Patissier","Patissier"
"Patroonmaker","Patroonmaker"
"Patroontekenaar","Patroontekenaar"
"Pedagoog","Pedagoog"
"Pedicure","Pedicure"
"Perronopzichter","Perronopzichter"
"Perser","Perser"
"Personeelsfunctionaris","Personeelsfunctionaris"
"Peuterwerker","Peuterwerker"
"Pianist","Pianist"
"Pianostemmer","Pianostemmer"
"Piccolo","Piccolo"
"Pijpfitter","Pijpfitter"
"Pikeur","Pikeur"
"Piloot","Piloot"
"Plaatwerker","Plaatwerker"
"Planner","Planner"
"Plantenteeltdeskundige","Plantenteeltdeskundige"
"Plantsoenmedewerker","Plantsoenmedewerker"
"Plasticvormer","Plasticvormer"
"Plastische chirurg","Plastische chirurg"
"Pleitbezorger","Pleitbezorger"
"Poelier","Poelier"
"Poepruimer","Poepruimer"
"Poetser","Poetser"
"Podiatrist","Podiatrist"
"Podoloog","Podoloog"
"Poffertjesbakker","Poffertjesbakker"
"Polisopmaker","Polisopmaker"
"Politicus","Politicus"
"Politieagent","Politieagent"
"Politiecommissaris","Politiecommissaris"
"Politie-inspecteur","Politie-inspecteur"
"Politiek analist","Politiek analist"
"Pontschipper","Pontschipper"
"Pooier","Pooier"
"Porder","Porder"
"Portier","Portier"
"Portretfotograaf","Portretfotograaf"
"Postbediende","Postbediende"
"Postbesteller","Postbesteller"
"Postbode","Postbode"
"Postcommandant","Postcommandant"
"Postexpediteur","Postexpediteur"
"Postsorteerder","Postsorteerder"
"Pottenbakker","Pottenbakker"
"Predikant","Predikant"
"Premier","Premier"
"Presentator","Presentator"
"President","President"
"Priester","Priester"
"Probleemanalist","Probleemanalist"
"Procesmanager","Procesmanager"
"Procesoperator","Procesoperator"
"Procureur","Procureur"
"Procureur des Konings","Procureur des Konings"
"Producer","Producer"
"Productenmaker","Productenmaker"
"Productensorteerder","Productensorteerder"
"Productiebegeleider","Productiebegeleider"
"Productieleider","Productieleider"
"Productiemedewerker","Productiemedewerker"
"Productieplanner","Productieplanner"
"Professor","Professor"
"Programmamaker","Programmamaker"
"Programmeur","Programmeur"
"Projectadviseur","Projectadviseur"
"Projectleider","Projectleider"
"Projectmanager","Projectmanager"
"Projectontwikkelaar","Projectontwikkelaar"
"Promovendus","Promovendus"
"Prostitué","Prostitué"
"Prostituee","Prostituee"
"Pruikenmaker","Pruikenmaker"
"Psychiater","Psychiater"
"Psychologisch assistent","Psychologisch assistent"
"Psycholoog","Psycholoog"
"Psychotherapeut","Psychotherapeut"
"Psychomotorisch kindertherapeut","Psychomotorisch kindertherapeut"
"Purser","Purser"
"Putjesschepper","Putjesschepper"
"Quarantaine-beambte","Quarantaine-beambte"
"Quizmaster","Quizmaster"
"Quantity surveyor","Quantity surveyor"
"Radarwaarnemer","Radarwaarnemer"
"Radiotherapeutisch laborant","Radiotherapeutisch laborant"
"Radiograaf","Radiograaf"
"Radiolaborant","Radiolaborant"
"Radiotechnicus","Radiotechnicus"
"Radiotelegrafist","Radiotelegrafist"
"Rangeerder","Rangeerder"
"Recensent","Recensent"
"Receptionist","Receptionist"
"Receptioniste","Receptioniste"
"Recherchekundige","Recherchekundige"
"Rechercheur","Rechercheur"
"Rechtbanktekenaar","Rechtbanktekenaar"
"Rechter","Rechter"
"Reclame-ontwerper","Reclame-ontwerper"
"Reclameacquisiteur","Reclameacquisiteur"
"Reclamedeskundige","Reclamedeskundige"
"Reclametekenaar","Reclametekenaar"
"Redacteur","Redacteur"
"Redactiechef","Redactiechef"
"Regisseur","Regisseur"
"Registeraccountant","Registeraccountant"
"Reiniger","Reiniger"
"Reinigingsdienstarbeider","Reinigingsdienstarbeider"
"Reisleider","Reisleider"
"Reisprogrammeur","Reisprogrammeur"
"Reisverkoper","Reisverkoper"
"Rekenaar","Rekenaar"
"Rekwisietenmaker","Rekwisietenmaker"
"Rentmeester","Rentmeester"
"Reparateur","Reparateur"
"Reumatoloog","Reumatoloog"
"Ridder","Ridder"
"Repetitor","Repetitor"
"Reproductietekenaar","Reproductietekenaar"
"Restauranthouder","Restauranthouder"
"Rietmeubelmaker","Rietmeubelmaker"
"Rietwerker","Rietwerker"
"Rijtuigspuiter","Rijtuigspuiter"
"Rijwielhersteller","Rijwielhersteller"
"Rolluikentimmerman","Rolluikentimmerman"
"Rondvaartgids","Rondvaartgids"
"Röntgenoloog","Röntgenoloog"
"Ruimtevaarder","Ruimtevaarder"
"Samensteller","Samensteller"
"Saunahouder","Saunahouder"
"Scenarioschrijver","Scenarioschrijver"
"Schaaldierenkweker","Schaaldierenkweker"
"Schaaldierenpeller","Schaaldierenpeller"
"Schaapherder","Schaapherder"
"Schadecorrespondent","Schadecorrespondent"
"Schadetaxateur","Schadetaxateur"
"Schakelbordwachter","Schakelbordwachter"
"Schaker","Schaker"
"Schapenscheerder","Schapenscheerder"
"Scharensliep","Scharensliep"
"Scheepskapitein","Scheepskapitein"
"Scheepskok","Scheepskok"
"Scheepspurser","Scheepspurser"
"Scheepsschilder","Scheepsschilder"
"Scheepstimmerman","Scheepstimmerman"
"Scheidsrechter","Scheidsrechter"
"Scheikundige","Scheikundige"
"Schillenboer","Schillenboer"
"Schipper","Schipper"
"Schoenfabrieksarbeider","Schoenfabrieksarbeider"
"Schoenhersteller","Schoenhersteller"
"Schoenmaker","Schoenmaker"
"Schoolbegeleider","Schoolbegeleider"
"Schooldecaan","Schooldecaan"
"Schooldirecteur","Schooldirecteur"
"Schoolinspecteur","Schoolinspecteur"
"Schoonheidsmasseur","Schoonheidsmasseur"
"Schoonheidsspecialiste","Schoonheidsspecialiste"
"Schoonmaker","Schoonmaker"
"Schoorsteenveger","Schoorsteenveger"
"Schotter","Schotter"
"Schrijftolk","Schrijftolk"
"Schrijver","Schrijver"
"Schuurder","Schuurder"
"Secretaresse","Secretaresse"
"Secretariaatsmedewerker","Secretariaatsmedewerker"
"Secretaris","Secretaris"
"Seismoloog","Seismoloog"
"Seizoenarbeider","Seizoenarbeider"
"Seksuoloog","Seksuoloog"
"Selecteur","Selecteur"
"Sergeant","Sergeant"
"Seroloog","Seroloog"
"Serveerster","Serveerster"
"Setdresser","Setdresser"
"Sigarenmaker","Sigarenmaker"
"Sinoloog","Sinoloog"
"Sjorder","Sjorder"
"Sjouwer","Sjouwer"
"Slachter","Slachter"
"Slager","Slager"
"Slagwerker","Slagwerker"
"Slijter","Slijter"
"Sloper","Sloper"
"Sluiswachter","Sluiswachter"
"Smeerder","Smeerder"
"Smelter","Smelter"
"Smid","Smid"
"Snackbarbediende","Snackbarbediende"
"Snackbarhouder","Snackbarhouder"
"Snijder","Snijder"
"Sociotherapeut","Sociotherapeut"
"Softwareontwikkelaar","Softwareontwikkelaar"
"Soldaat","Soldaat"
"Soldeerder","Soldeerder"
"Sommelier","Sommelier"
"Sondeerder","Sondeerder"
"Songwriter","Songwriter"
"Souschef","Souschef"
"Spoeler","Spoeler"
"Souffleur","Souffleur"
"Specialist","Specialist"
"Spelersmakelaar","Spelersmakelaar"
"Speltherapeut","Speltherapeut"
"Spindoppenmonteur","Spindoppenmonteur"
"Spion","Spion"
"Sportinstructeur","Sportinstructeur"
"Sportman","Sportman"
"Sportvrouw","Sportvrouw"
"Staatsraad","Staatsraad"
"Stadsomroeper","Stadsomroeper"
"Stadstimmerman","Stadstimmerman"
"Stanser","Stanser"
"Stationschef","Stationschef"
"Statisticus","Statisticus"
"Stedenbouwkundige","Stedenbouwkundige"
"Steenbewerker","Steenbewerker"
"Steenfabrikant","Steenfabrikant"
"Steenhouwer","Steenhouwer"
"Steenzetter","Steenzetter"
"Steigerbouwer","Steigerbouwer"
"Steigermaker","Steigermaker"
"Stenotypist","Stenotypist"
"Stereotypeur","Stereotypeur"
"Sterilisatieassistent","Sterilisatieassistent"
"Steward","Steward"
"Stewardess","Stewardess"
"Stoelenmatter","Stoelenmatter"
"Stoffeerder","Stoffeerder"
"Stomatoloog","Stomatoloog"
"Storingsmonteur","Storingsmonteur"
"Straatverkoper","Straatverkoper"
"Straatzanger","Straatzanger"
"Strandjutter","Strandjutter"
"Stratenmaker","Stratenmaker"
"Stripper","Stripper"
"Stucwerker","Stucwerker"
"Stukadoor","Stukadoor"
"Stuurman","Stuurman"
"Stuwadoor","Stuwadoor"
"Stylist","Stylist"
"Stypengalvaniseur","Stypengalvaniseur"
"Surinamist","Surinamist"
"Systeemanalist","Systeemanalist"
"Systeembeheerder","Systeembeheerder"
"Systeemontwerper","Systeemontwerper"
"Systeemprogrammeur","Systeemprogrammeur"
"Takelaar","Takelaar"
"Tandarts","Tandarts"
"Tandartsassistente","Tandartsassistente"
"Tandtechnicus","Tandtechnicus"
"Tapper","Tapper"
"Taxichauffeur","Taxichauffeur"
"Taxidermist","Taxidermist"
"Technicus","Technicus"
"Technisch Oogheelkundig Assistent","Technisch Oogheelkundig Assistent"
"Technisch tekenaar","Technisch tekenaar"
"Tegelzetter","Tegelzetter"
"Tekenaar","Tekenaar"
"Tekstschrijver","Tekstschrijver"
"Telecommunicatiemonteur","Telecommunicatiemonteur"
"Telefoniste","Telefoniste"
"Telegrafist","Telegrafist"
"Televisieregisseur","Televisieregisseur"
"Televisietechnicus","Televisietechnicus"
"Telexist","Telexist"
"Tennisser","Tennisser"
"Terrazzovloerlegger","Terrazzovloerlegger"
"Terreinchef","Terreinchef"
"Tester","Tester"
"Textieldrukker","Textieldrukker"
"Textiellaborant","Textiellaborant"
"Textielopmaker","Textielopmaker"
"Textielproductenmaker","Textielproductenmaker"
"Theateragent","Theateragent"
"Theatertechnicus","Theatertechnicus"
"Therapeut","Therapeut"
"Timmerman","Timmerman"
"Tingieter","Tingieter"
"Toetsenist","Toetsenist"
"Tolk","Tolk"
"Toneelfigurant","Toneelfigurant"
"Toneelmeester","Toneelmeester"
"Toneelregisseur","Toneelregisseur"
"Toneelschrijver","Toneelschrijver"
"Toneelspeler","Toneelspeler"
"Torenkraanmonteur","Torenkraanmonteur"
"Totalisatormedewerker","Totalisatormedewerker"
"Touringcarchauffeur","Touringcarchauffeur"
"Touwslager","Touwslager"
"Traceur","Traceur"
"Trainingsacteur","Trainingsacteur"
"Traiteur","Traiteur"
"Trambestuurder","Trambestuurder"
"Transportplanner","Transportplanner"
"Treinbestuurder","Treinbestuurder"
"Treinconducteur","Treinconducteur"
"Treindienstleider","Treindienstleider"
"Treinduwer","Treinduwer"
"Treinmachinist","Treinmachinist"
"Trekkerchauffeur","Trekkerchauffeur"
"Tuiger","Tuiger"
"Tuinarchitect","Tuinarchitect"
"Tuinder","Tuinder"
"Tuinman","Tuinman"
"Typiste","Typiste"
"Uitgever","Uitgever"
"Uitsmijter","Uitsmijter"
"Uitvaartbegeleider","Uitvaartbegeleider"
"Uitvinder","Uitvinder"
"Uitvoerder","Uitvoerder"
"Uroloog","Uroloog"
"Uurwerkmaker","Uurwerkmaker"
"Vakkenvuller","Vakkenvuller"
"Valet","Valet"
"Veearts","Veearts"
"Veehouder","Veehouder"
"Veeverloskundige","Veeverloskundige"
"Veiligheidsbeambte","Veiligheidsbeambte"
"Veilinghouder","Veilinghouder"
"Verfspuiter","Verfspuiter"
"Vergaderstenograaf","Vergaderstenograaf"
"Verhuizer","Verhuizer"
"Verhuurder","Verhuurder"
"Verkeersdienstsimulator","Verkeersdienstsimulator"
"Verkeersinspecteur","Verkeersinspecteur"
"Verkeerskundige","Verkeerskundige"
"Verkeersleider","Verkeersleider"
"Verkeersonderzoeker","Verkeersonderzoeker"
"Verkeersplanoloog","Verkeersplanoloog"
"Verkoopchef","Verkoopchef"
"Verkoopstyliste","Verkoopstyliste"
"Verkoper","Verkoper"
"Verloskundige","Verloskundige"
"Verpleeghulp","Verpleeghulp"
"Verpleegkundige","Verpleegkundige"
"Verslaggever","Verslaggever"
"Verspaner","Verspaner"
"Vertaler","Vertaler"
"Vertegenwoordiger","Vertegenwoordiger"
"Vervoer","Vervoer"
"Vervoersinspecteur","Vervoersinspecteur"
"Verwarmingsinstallateur","Verwarmingsinstallateur"
"Verwarmingsmonteur","Verwarmingsmonteur"
"Verzekeringsagent","Verzekeringsagent"
"Verzekeringsdeskundige","Verzekeringsdeskundige"
"Verzekeringsinspecteur","Verzekeringsinspecteur"
"Verzorgende","Verzorgende"
"Vicaris","Vicaris"
"Videoclipregisseur","Videoclipregisseur"
"Videojockey","Videojockey"
"Vioolbouwer","Vioolbouwer"
"Violist","Violist"
"Vinoloog","Vinoloog"
"Viroloog","Viroloog"
"Visagiste","Visagiste"
"Visfileerder","Visfileerder"
"Visser","Visser"
"Vj","Vj"
"Vleeswarenmaker","Vleeswarenmaker"
"Vlieger","Vlieger"
"Vliegtuigplaatwerker","Vliegtuigplaatwerker"
"Vliegtuigtimmerman","Vliegtuigtimmerman"
"Vloerlegger","Vloerlegger"
"Voedingsmiddelentechnoloog","Voedingsmiddelentechnoloog"
"Voedingsvoorlichter","Voedingsvoorlichter"
"Voeger","Voeger"
"Voertuigbekleder","Voertuigbekleder"
"Voetballer","Voetballer"
"Volder of Voller","Volder of Voller"
"Voorganger","Voorganger"
"Voorlichter","Voorlichter"
"Voorlichtingsfunctionaris","Voorlichtingsfunctionaris"
"Voorraadadministrateur","Voorraadadministrateur"
"Voorzitter","Voorzitter"
"Vormende","Vormende"
"Vormenmaker","Vormenmaker"
"Vormer","Vormer"
"Vormgever","Vormgever"
"Vrachtwagenchauffeur","Vrachtwagenchauffeur"
"Vuilnisman","Vuilnisman"
"Vulkanoloog","Vulkanoloog"
"Vuurspuwer","Vuurspuwer"
"Vuurtorenwachter","Vuurtorenwachter"
"Vroedvrouw","Vroedvrouw"
"Vroedmeester","Vroedmeester"
"Waard","Waard"
"Waardijn","Waardijn"
"Waarzegger","Waarzegger"
"Wachtcommandant","Wachtcommandant"
"Wachter","Wachter"
"Wachtmeester","Wachtmeester"
"Wagenmaker","Wagenmaker"
"Wasser","Wasser"
"Wasserettehouder","Wasserettehouder"
"Waterbouwkundige","Waterbouwkundige"
"Webdesigner","Webdesigner"
"Weefmachinesteller","Weefmachinesteller"
"Weerkundige","Weerkundige"
"Weerpresentator","Weerpresentator"
"Wegenbouwarbeider","Wegenbouwarbeider"
"Wegenbouwmachinist","Wegenbouwmachinist"
"Wegmarkeerder","Wegmarkeerder"
"Werkleider-dokmeester","Werkleider-dokmeester"
"Werktuigbouwkundige","Werktuigbouwkundige"
"Werktuigkundige","Werktuigkundige"
"Werkvoorbereider","Werkvoorbereider"
"Wethouder","Wethouder"
"Wijkmeester","Wijkmeester"
"Wijnboer","Wijnboer"
"Winkelbediende","Winkelbediende"
"Winkelier","Winkelier"
"Wiskundige","Wiskundige"
"Wisselkassier","Wisselkassier"
"Wisselmaker","Wisselmaker"
"Woonbegeleider","Woonbegeleider"
"Xylofonist","Xylofonist"
"Yogaleraar","Yogaleraar"
"Zaakwaarnemer","Zaakwaarnemer"
"Zakenman","Zakenman"
"Zanger","Zanger"
"Zangeres","Zangeres"
"Zeefdrukker","Zeefdrukker"
"Zeeman","Zeeman"
"Zeepzieder","Zeepzieder"
"Zeilmaker","Zeilmaker"
"Zelfstandig ondernemer","Zelfstandig ondernemer"
"Zetter","Zetter"
"Ziekenhuisapotheker","Ziekenhuisapotheker"
"Ziekenhuishygiënist","Ziekenhuishygiënist"
"Ziekenverzorgende","Ziekenverzorgende"
"Zilversmid","Zilversmid"
"Zweminstructeur","Zweminstructeur"
"Zoöloog","Zoöloog"